{"user":[
   
   {
    "userid":1,
    "name":"ami",
    "Email":"ami@gmail",
    "phone":8965325696,
    "address":"abc",
    "city":"rajkot",
    "state":"gujrat",
    "country":"india",
    "zip":360005


    }
    
    ,
        {
            "userid":1,
            "name":"ami",
            "Email":"ami@gmail",
            "phone":8965325696,
            "address":"abc",
            "city":"rajkot",
            "state":"gujrat",
            "country":"india",
            "zip":360005
        
        
            },

            {
                "userid":1,
                "name":"ami",
                "Email":"ami@gmail",
                "phone":8965325696,
                "address":"abc",
                "city":"rajkot",
                "state":"gujrat",
                "country":"india",
                "zip":360005
            
            
                }
                 
        
    

]
}